{
  "H": [
    [
      -0.3673759771630146,
      0.011457198797878921,
      1959.3146097210708
    ],
    [
      -0.0032899171972545693,
      -0.3525075378332375,
      942.9552773049022
    ],
    [
      -1.3200382618464183e-06,
      7.518883285228956e-06,
      1.0
    ]
  ],
  "dst_wh": [
    1600,
    880
  ],
  "margin": 0,
  "num_points": 25,
  "num_inliers": 13,
  "reproj_error_mean_px": 290.1806162250895,
  "reproj_error_max_px": 1532.4896066298095
}